CustomerID,Gender,Age,Annual Income (k$),Spending Score (1-100),cluster
1,Female,43,68,53,3
2,Male,42,84,16,2
3,Female,43,59,43,3
4,Female,36,65,56,3
5,Male,52,29,17,0
6,Female,22,39,49,3
7,Male,45,42,66,3
8,Male,18,49,37,3
9,Male,48,20,44,0
10,Female,20,83,87,1
11,Female,47,82,19,2
12,Male,43,62,55,3
13,Female,45,82,91,1
14,Female,49,46,43,0
15,Male,44,83,32,2
16,Female,47,38,21,0
17,Female,24,102,78,1
18,Female,32,21,25,0
19,Female,47,61,47,3
20,Male,19,66,74,1
21,Female,37,48,54,3
22,Female,50,83,16,2
23,Male,43,46,59,3
24,Male,40,58,58,3
25,Female,36,73,51,3
26,Male,35,18,10,0
27,Female,35,80,81,1
28,Female,52,25,12,0
29,Male,40,32,18,0
30,Female,26,60,54,3
31,Female,31,54,55,3
32,Female,49,57,37,2
33,Male,51,96,15,2
34,Male,46,63,6,2
35,Female,48,78,89,1
36,Male,47,15,12,0
37,Female,47,40,8,0
38,Male,22,104,65,1
39,Male,52,21,15,0
40,Female,42,57,34,3
41,Female,43,80,31,2
42,Female,44,49,57,3
43,Male,42,59,35,3
44,Female,37,76,20,2
45,Female,28,59,44,3
46,Female,33,61,54,3
47,Male,48,98,14,2
48,Female,52,87,12,2
49,Male,49,50,48,3
50,Female,58,16,1,0
51,Female,30,48,16,3
52,Male,43,22,17,0
53,Male,42,45,58,3
54,Male,54,42,59,0
55,Male,37,57,49,3
56,Male,39,61,35,3
57,Female,31,84,100,1
58,Male,37,103,71,1
59,Female,46,28,11,0
60,Male,31,36,17,3
61,Male,35,55,43,3
62,Male,19,87,65,1
63,Female,18,92,77,1
64,Female,32,62,55,3
65,Male,35,76,90,1
66,Female,35,109,86,1
67,Female,37,86,90,1
68,Male,45,96,13,2
69,Female,57,21,28,0
70,Male,51,81,14,2
71,Male,27,23,30,3
72,Female,29,78,10,3
73,Male,36,46,43,3
74,Male,37,35,18,0
75,Female,37,24,30,0
76,Male,46,77,24,2
77,Female,54,91,18,2
78,Female,36,46,52,3
79,Female,37,77,66,1
80,Female,37,52,42,3
81,Female,26,65,29,3
82,Female,50,77,33,2
83,Male,29,62,41,3
84,Male,49,29,21,0
85,Female,46,23,23,0
86,Female,32,32,28,3
87,Male,48,35,62,3
88,Female,33,79,63,1
89,Male,49,33,38,0
90,Female,32,85,73,1
91,Male,61,22,10,0
92,Male,31,71,63,1
93,Male,52,93,24,2
94,Male,54,96,24,2
95,Male,34,91,21,2
96,Male,22,89,76,1
97,Male,59,100,35,2
98,Male,45,27,34,0
99,Male,48,27,9,0
100,Male,38,56,39,3
101,Male,45,54,70,3
102,Male,38,55,54,3
103,Male,47,83,7,2
104,Male,42,48,39,3
105,Male,37,59,34,3
106,Female,46,64,63,3
107,Female,39,85,10,2
108,Female,58,88,22,2
109,Female,35,35,19,0
110,Female,36,52,54,3
111,Male,28,83,85,1
112,Female,42,19,23,0
113,Female,39,87,21,2
114,Female,23,84,96,1
115,Female,45,15,1,0
116,Male,48,55,51,3
117,Female,50,31,56,0
118,Female,32,45,48,3
119,Male,59,77,15,2
120,Female,47,105,79,1
121,Male,31,88,100,1
122,Female,57,89,86,1
123,Female,53,33,13,0
124,Male,55,82,13,2
125,Female,45,25,23,0
126,Male,18,91,86,1
127,Female,36,91,8,2
128,Female,39,24,21,0
129,Female,42,32,7,0
130,Female,34,83,82,1
131,Male,46,16,27,0
132,Male,38,38,32,3
133,Male,32,86,81,1
134,Male,39,87,27,2
135,Female,34,77,71,1
136,Male,25,36,16,3
137,Male,34,40,44,3
138,Male,30,84,82,1
139,Female,31,64,45,3
140,Male,48,29,5,0
141,Female,45,89,81,1
142,Male,30,82,100,1
143,Male,29,44,53,3
144,Female,36,81,86,1
145,Male,41,82,92,1
146,Male,59,98,23,2
147,Female,41,68,15,2
148,Male,31,89,76,1
149,Male,51,102,16,2
150,Female,45,23,21,0
151,Male,51,59,64,3
152,Female,29,58,58,3
153,Male,52,24,29,0
154,Female,36,90,91,1
155,Female,42,36,23,0
156,Female,41,58,23,3
157,Female,52,52,1,0
158,Male,32,59,40,3
159,Female,56,67,47,2
160,Male,51,55,56,3
161,Female,44,26,10,0
162,Female,36,55,38,3
163,Male,45,18,29,0
164,Female,47,22,19,0
165,Male,24,94,72,1
166,Female,37,95,14,2
167,Female,26,59,57,3
168,Male,41,57,59,3
169,Female,51,91,4,2
170,Female,45,52,47,3
171,Male,59,98,36,2
172,Female,38,87,86,1
173,Male,55,86,19,2
174,Female,35,54,45,3
175,Male,48,31,20,0
176,Female,51,31,16,0
177,Female,60,88,6,2
178,Male,30,50,35,3
179,Male,36,46,53,3
180,Female,41,52,58,3
181,Female,43,58,56,3
182,Female,21,36,48,3
183,Male,40,88,82,1
184,Male,44,96,20,2
185,Female,38,59,47,3
186,Female,44,64,46,3
187,Female,56,91,8,2
188,Female,39,31,21,0
189,Female,42,47,47,3
190,Male,38,76,22,2
191,Male,58,53,53,2
192,Female,46,15,35,0
193,Female,49,29,21,0
194,Male,34,54,67,3
195,Male,45,35,14,0
196,Female,57,15,25,0
197,Male,23,87,80,1
198,Male,31,53,36,3
199,Female,67,27,33,0
200,Male,50,80,32,2
201,Female,38,54,56,3
202,Male,27,56,48,3
203,Male,30,74,89,1
204,Female,51,20,20,0
205,Male,55,27,13,0
206,Female,53,39,25,0
207,Male,50,36,31,0
208,Female,29,60,57,3
209,Female,39,31,6,0
210,Female,44,100,90,1
211,Male,36,53,40,3
212,Male,41,89,83,1
213,Male,37,22,24,0
214,Female,32,59,52,3
215,Male,36,53,50,3
216,Male,36,71,51,3
217,Male,43,15,11,0
218,Male,44,19,34,0
219,Male,38,67,53,3
220,Male,62,84,18,2
221,Male,44,64,1,2
222,Female,36,88,89,1
223,Male,46,52,62,3
224,Male,40,57,62,3
225,Female,49,80,25,2
226,Female,18,55,67,3
227,Male,42,15,8,0
228,Female,24,86,67,1
229,Female,46,80,100,1
230,Female,36,21,16,0
231,Female,37,15,19,0
232,Female,42,84,2,2
233,Male,41,56,56,3
234,Male,26,76,91,1
235,Female,27,61,52,3
236,Female,43,52,56,3
237,Female,40,87,97,1
238,Male,53,53,60,3
239,Female,38,43,8,0
240,Male,34,38,9,0
241,Female,37,51,56,3
242,Female,32,49,45,3
243,Female,47,17,43,0
244,Female,31,96,77,1
245,Female,21,82,55,1
246,Female,28,39,30,3
247,Female,42,100,82,1
248,Female,41,89,26,2
249,Female,43,90,25,2
250,Male,44,90,24,2
251,Female,39,45,40,3
252,Male,38,58,44,3
253,Female,44,93,88,1
254,Female,58,36,10,0
255,Male,46,20,30,0
256,Male,37,51,34,3
257,Male,50,41,62,3
258,Female,39,18,23,0
259,Male,45,19,28,0
260,Male,40,104,77,1
261,Female,41,26,28,0
262,Female,31,55,51,3
263,Male,53,91,25,2
264,Male,42,39,34,0
265,Female,38,58,46,3
266,Female,48,20,36,0
267,Female,31,83,30,3
268,Male,45,15,28,0
269,Male,45,27,7,0
270,Male,46,43,28,0
271,Female,28,21,16,0
272,Male,32,27,28,3
273,Male,37,19,8,0
274,Female,37,88,61,1
275,Female,18,62,49,3
276,Female,26,76,30,3
277,Female,54,82,6,2
278,Female,37,82,86,1
279,Male,41,72,50,3
280,Male,32,42,64,3
281,Female,32,20,20,0
282,Male,47,27,30,0
283,Female,51,15,19,0
284,Female,52,15,9,0
285,Female,47,90,86,1
286,Male,70,89,25,2
287,Male,48,23,12,0
288,Male,40,89,13,2
289,Male,26,109,85,1
290,Male,43,33,19,0
291,Male,41,60,39,3
292,Female,42,42,25,0
293,Female,36,50,48,3
294,Female,31,22,29,3
295,Male,41,63,48,3
296,Male,48,45,65,3
297,Male,45,64,37,2
298,Male,38,59,36,3
299,Male,39,58,58,3
300,Female,42,91,97,1
301,Male,37,29,49,3
302,Male,55,15,21,0
303,Female,25,78,85,1
304,Female,28,82,97,1
305,Female,53,59,33,2
306,Male,37,93,80,1
307,Female,45,72,30,2
308,Male,27,86,77,1
309,Male,53,91,21,2
310,Female,42,25,25,0
311,Female,42,108,66,1
312,Male,66,97,9,2
313,Female,45,34,30,0
314,Male,51,83,16,2
315,Male,41,98,20,2
316,Male,53,92,27,2
317,Female,41,92,15,2
318,Male,40,47,36,3
319,Female,24,84,14,3
320,Male,33,44,63,3
321,Female,50,58,38,2
322,Female,51,87,85,1
323,Male,43,99,15,2
324,Male,31,85,87,1
325,Male,37,51,67,3
326,Female,52,76,53,2
327,Male,32,58,62,3
328,Female,40,80,87,1
329,Male,21,88,69,1
330,Female,49,72,1,2
331,Female,20,65,52,3
332,Female,62,23,18,0
333,Female,52,42,48,0
334,Male,39,59,58,3
335,Female,39,28,28,0
336,Male,35,96,68,1
337,Female,45,27,14,0
338,Female,35,49,41,3
339,Female,36,15,23,0
340,Female,33,61,40,3
341,Male,48,19,33,0
342,Male,21,53,57,3
343,Male,39,55,72,3
344,Female,39,89,87,1
345,Female,40,37,35,0
346,Male,35,49,65,3
347,Male,18,38,39,3
348,Male,45,83,16,2
349,Male,31,98,94,1
350,Male,49,15,26,0
351,Female,23,91,92,1
352,Female,51,43,10,0
353,Male,44,73,73,1
354,Female,34,86,90,1
355,Female,30,87,96,1
356,Male,36,72,74,1
357,Male,32,59,36,3
358,Male,27,50,48,3
359,Male,38,82,75,1
360,Female,29,95,81,1
361,Female,29,56,44,3
362,Male,36,17,14,0
363,Female,32,26,27,3
364,Male,48,25,18,0
365,Female,28,55,37,3
366,Female,30,85,28,3
367,Male,37,58,64,3
368,Male,37,60,45,3
369,Female,56,70,1,2
370,Female,27,46,47,3
371,Male,32,42,50,3
372,Male,51,88,23,2
373,Male,39,87,34,2
374,Female,58,85,29,2
375,Female,56,15,17,0
376,Female,43,30,22,0
377,Female,36,52,55,3
378,Female,43,85,19,2
379,Female,34,90,47,1
380,Male,43,58,44,3
381,Female,41,88,90,1
382,Male,19,57,63,3
383,Male,47,69,56,3
384,Female,33,77,74,1
385,Female,57,85,21,2
386,Female,38,39,62,3
387,Male,42,53,37,3
388,Female,26,33,58,3
389,Female,54,25,19,0
390,Male,34,53,45,3
391,Male,29,99,87,1
392,Female,48,23,4,0
393,Male,33,72,90,1
394,Female,37,76,41,3
395,Male,39,41,32,3
396,Male,34,90,82,1
397,Female,25,49,51,3
398,Male,46,86,23,2
399,Female,35,73,92,1
400,Female,36,78,15,2
401,Male,58,76,13,2
402,Female,34,49,58,3
403,Female,45,57,51,3
404,Female,34,20,4,0
405,Female,41,50,40,3
406,Female,24,51,76,3
407,Female,44,87,7,2
408,Male,40,56,29,3
409,Female,47,42,15,0
410,Female,33,64,50,3
411,Female,37,35,58,3
412,Female,33,46,53,3
413,Male,34,20,26,0
414,Female,33,64,38,3
415,Female,46,42,31,0
416,Male,46,17,15,0
417,Male,45,25,19,0
418,Female,34,53,38,3
419,Female,43,33,6,0
420,Female,35,48,53,3
421,Male,28,68,57,3
422,Male,40,31,12,0
423,Female,52,28,15,0
424,Female,40,18,14,0
425,Female,37,83,93,1
426,Female,30,70,75,1
427,Female,39,26,8,0
428,Female,30,49,41,3
429,Female,52,24,8,0
430,Female,34,47,80,3
431,Female,52,56,39,2
432,Male,27,65,55,3
433,Male,50,57,41,2
434,Female,19,62,53,3
435,Female,55,16,27,0
436,Female,47,35,4,0
437,Male,45,34,3,0
438,Female,18,90,79,1
439,Male,37,52,49,3
440,Female,32,83,78,1
441,Female,35,59,49,3
442,Female,49,26,1,0
443,Female,46,55,52,3
444,Male,47,15,1,0
445,Female,44,85,20,2
446,Female,42,61,61,3
447,Female,44,53,31,3
448,Female,25,99,88,1
449,Male,57,31,29,0
450,Male,38,80,80,1
451,Male,48,26,9,0
452,Male,40,60,53,3
453,Male,31,53,67,3
454,Female,52,20,20,0
455,Female,29,15,7,0
456,Male,42,25,9,0
457,Male,40,61,46,3
458,Male,36,85,89,1
459,Female,46,49,50,3
460,Male,37,92,68,1
461,Female,40,78,96,1
462,Female,43,28,22,0
463,Male,40,61,48,3
464,Female,43,93,12,2
465,Female,18,77,71,1
466,Male,49,62,70,3
467,Male,43,73,89,1
468,Female,22,51,53,3
469,Female,47,27,9,0
470,Female,40,74,87,1
471,Female,31,78,7,2
472,Male,20,86,76,1
473,Female,36,29,16,0
474,Female,50,20,31,0
475,Male,39,84,24,2
476,Female,44,85,19,2
477,Female,52,89,10,2
478,Female,42,93,53,1
479,Male,40,61,76,3
480,Male,39,82,3,2
481,Female,57,94,1,2
482,Female,40,25,8,0
483,Female,38,79,91,1
484,Female,41,70,14,2
485,Female,58,37,6,0
486,Male,43,85,6,2
487,Male,33,81,69,1
488,Male,42,15,1,0
489,Male,25,72,74,1
490,Female,32,80,100,1
491,Male,33,57,34,3
492,Male,39,90,72,1
493,Female,33,44,49,3
494,Male,46,86,12,2
495,Male,42,53,45,3
496,Female,29,90,81,1
497,Male,46,92,16,2
498,Female,21,89,99,1
499,Female,50,92,1,2
500,Male,33,102,87,1
